state,sai_centers,coaches,annual_funding_crore,gyms_per_lakh
Maharashtra,9,120,110,4.2
Haryana,8,95,90,3.5
Punjab,6,70,65,3.0
Kerala,5,75,60,3.1
Assam,3,45,40,2.2
Delhi,7,100,95,4.5
Tamil Nadu,6,80,75,3.3
Uttar Pradesh,4,60,55,2.5
Rajasthan,3,50,45,2.1
Karnataka,7,90,85,3.6
