state,year,gold,silver,bronze
Maharashtra,2020,8,6,10
Haryana,2020,6,7,9
Punjab,2020,3,2,5
Kerala,2020,2,3,6
Assam,2020,1,2,4
Delhi,2020,4,6,7
Tamil Nadu,2020,3,4,5
Uttar Pradesh,2020,2,1,3
Rajasthan,2020,1,1,2
Karnataka,2020,5,4,6
