state,year,gold,silver,bronze,total_medals,sai_centers,coaches,annual_funding_crore,gyms_per_lakh
Maharashtra,2020,8,6,10,24,9,120,110,4.2
Haryana,2020,6,7,9,22,8,95,90,3.5
Punjab,2020,3,2,5,10,6,70,65,3.0
Kerala,2020,2,3,6,11,5,75,60,3.1
Assam,2020,1,2,4,7,3,45,40,2.2
Delhi,2020,4,6,7,17,7,100,95,4.5
Tamil Nadu,2020,3,4,5,12,6,80,75,3.3
Uttar Pradesh,2020,2,1,3,6,4,60,55,2.5
Rajasthan,2020,1,1,2,4,3,50,45,2.1
Karnataka,2020,5,4,6,15,7,90,85,3.6
